0,09:02:51
0,09:02:52
1,09:02:56
2,09:02:58
3,09:03:02
4,09:03:04
5,09:03:07
6,09:03:09
7,09:03:11
8,09:03:13
9,09:03:16
10,09:03:18
11,09:03:21
12,09:03:23
13,09:03:26
14,09:03:29
15,09:03:32
16,09:03:35
17,09:03:39
18,09:03:42
19,09:03:46
20,09:03:50
21,09:03:54
2,09:04:02
3,09:04:05
5,09:04:09
7,09:04:12
9,09:04:17
10,09:04:22
12,09:04:26
14,09:04:32
15,09:04:37
16,09:04:42
18,09:04:48
20,09:04:55
21,09:05:02
4,09:05:10
6,09:05:16
8,09:05:21
10,09:05:28
12,09:05:34
14,09:05:41
16,09:05:48
18,09:05:57
19,09:06:04
21,09:06:12
5,09:06:21
7,09:06:28
9,09:06:35
11,09:06:43
13,09:06:50
15,09:06:59
17,09:07:08
19,09:07:17
21,09:07:27
6,09:07:39
8,09:07:47
10,09:07:56
12,09:08:05
14,09:08:15
16,09:08:24
18,09:08:35
20,09:08:47
6,09:09:01
8,09:09:10
10,09:09:20
12,09:09:30
14,09:09:41
16,09:09:53
18,09:10:05
20,09:10:18
7,09:10:34
9,09:10:45
11,09:10:56
13,09:11:07
15,09:11:20
17,09:11:32
19,09:11:46
7,09:12:01
9,09:12:12
11,09:12:23
13,09:12:36
15,09:12:50
17,09:13:04
19,09:13:18
8,09:13:34
10,09:13:46
12,09:13:59
14,09:14:13
16,09:14:27
18,09:14:43
20,09:14:59
10,09:15:17
12,09:15:31
14,09:15:46
16,09:16:02
18,09:16:18
20,09:16:35
11,09:16:54
13,09:17:10
15,09:17:25
17,09:17:42
19,09:17:59
11,09:18:18
13,09:18:34
15,09:18:51
17,09:19:08
19,09:19:26
12,09:19:45
14,09:20:01
16,09:20:19
18,09:20:38
20,09:20:57
14,09:21:18
16,09:21:36
18,09:21:55
20,09:22:14
15,09:22:36
17,09:22:55
19,09:23:16
15,09:23:36
17,09:23:56
19,09:24:16
16,09:24:37
18,09:24:57
20,09:25:19
18,09:25:41
20,09:26:02
19,09:26:25
19,09:26:47
20,09:27:08
21,09:27:34
3,09:28:17
5,09:28:34
7,09:28:52
9,09:29:13
11,09:29:33
13,09:29:54
15,09:30:15
17,09:30:40
19,09:31:05
2,09:31:30
4,09:31:47
6,09:32:08
8,09:32:28
10,09:32:50
12,09:33:13
14,09:33:37
16,09:34:01
18,09:34:28
20,09:34:55
4,09:35:26
6,09:35:47
8,09:36:08
10,09:36:32
12,09:36:57
14,09:37:21
16,09:37:46
18,09:38:15
20,09:38:44
5,09:39:16
7,09:39:37
9,09:40:01
11,09:40:26
13,09:40:52
15,09:41:18
17,09:41:47
19,09:42:16
5,09:42:46
7,09:43:08
9,09:43:33
11,09:43:59
13,09:44:26
15,09:44:53
17,09:45:24
19,09:45:54
6,09:46:26
8,09:46:50
10,09:47:17
12,09:47:45
14,09:48:14
16,09:48:43
18,09:49:15
20,09:49:48
8,09:50:23
10,09:50:51
12,09:51:21
14,09:51:51
16,09:52:21
18,09:52:55
20,09:53:28
9,09:54:05
11,09:54:34
13,09:55:04
15,09:55:34
17,09:56:07
19,09:56:41
9,09:57:16
11,09:57:45
13,09:58:15
15,09:58:45
17,09:59:19
19,09:59:55
10,10:00:30
12,10:01:01
14,10:01:33
16,10:02:05
18,10:02:41
20,10:03:18
12,10:03:57
14,10:04:29
16,10:05:03
18,10:05:40
20,10:06:17
13,10:06:56
15,10:07:29
17,10:08:05
19,10:08:42
13,10:09:20
15,10:09:53
17,10:10:30
19,10:11:07
14,10:11:46
16,10:12:21
18,10:12:58
20,10:13:37
16,10:14:18
18,10:14:56
20,10:15:36
17,10:16:17
19,10:16:56
17,10:17:35
19,10:18:14
18,10:18:54
20,10:19:33
20,10:20:15
21,10:20:58
4,10:21:41
6,10:22:13
8,10:22:45
10,10:23:23
12,10:24:01
14,10:24:39
16,10:25:17
18,10:26:01
20,10:26:44
4,10:27:32
6,10:28:05
8,10:28:38
10,10:29:17
12,10:29:56
14,10:30:35
16,10:31:15
18,10:32:00
20,10:32:47
5,10:33:35
7,10:34:09
9,10:34:46
11,10:35:26
13,10:36:07
15,10:36:47
17,10:37:31
19,10:38:17
5,10:39:04
7,10:39:40
9,10:40:18
11,10:40:59
13,10:41:40
15,10:42:22
17,10:43:08
19,10:43:56
6,10:44:44
8,10:45:20
10,10:46:02
12,10:46:44
14,10:47:27
16,10:48:10
18,10:48:59
20,10:49:49
8,10:50:41
10,10:51:24
12,10:52:07
14,10:52:51
16,10:53:36
18,10:54:26
20,10:55:16
9,10:56:10
11,10:56:53
13,10:57:38
15,10:58:23
17,10:59:11
19,11:00:02
9,11:00:54
11,11:01:38
13,11:02:23
15,11:03:09
17,11:03:57
19,11:04:50
10,11:05:43
12,11:06:28
14,11:07:14
16,11:08:01
18,11:08:53
20,11:09:46
12,11:10:40
14,11:11:27
16,11:12:14
18,11:13:08
20,11:14:02
13,11:14:57
15,11:15:45
17,11:16:36
19,11:17:30
13,11:18:25
15,11:19:13
17,11:20:05
19,11:20:59
14,11:21:55
16,11:22:45
18,11:23:40
20,11:24:36
16,11:25:33
18,11:26:28
20,11:27:24
17,11:28:21
19,11:29:17
17,11:30:14
19,11:31:11
18,11:32:08
20,11:33:04
20,11:34:02
3,11:35:03
5,11:35:44
7,11:36:29
9,11:37:16
11,11:38:07
13,11:38:59
15,11:39:52
17,11:40:47
19,11:41:47
4,11:42:48
6,11:43:33
8,11:44:20
10,11:45:11
12,11:46:05
14,11:46:58
16,11:47:53
18,11:48:52
20,11:49:56
6,11:51:00
8,11:51:48
10,11:52:41
12,11:53:35
14,11:54:31
16,11:55:27
18,11:56:29
20,11:57:32
7,11:58:37
9,11:59:27
11,12:00:22
13,12:01:17
15,12:02:13
17,12:03:12
19,12:04:16
7,12:05:20
9,12:06:11
11,12:07:06
13,12:08:03
15,12:09:01
17,12:10:00
19,12:11:06
8,12:12:12
10,12:13:06
12,12:14:04
14,12:15:02
16,12:16:01
18,12:17:06
20,12:18:13
10,12:19:23
12,12:20:22
14,12:21:21
16,12:22:21
18,12:23:26
20,12:24:34
11,12:25:44
13,12:26:42
15,12:27:42
17,12:28:45
19,12:29:53
11,12:31:02
13,12:32:00
15,12:33:00
17,12:34:04
19,12:35:13
12,12:36:22
14,12:37:23
16,12:38:25
18,12:39:32
20,12:40:43
14,12:41:54
16,12:42:56
18,12:44:04
20,12:45:15
15,12:46:28
17,12:47:33
19,12:48:43
15,12:49:54
17,12:51:00
19,12:52:10
16,12:53:22
18,12:54:31
20,12:55:42
18,12:56:56
20,12:58:09
19,12:59:22
19,13:00:34
20,13:01:47
5,13:03:38
7,13:04:50
9,13:05:49
11,13:06:54
13,13:07:59
15,13:09:05
17,13:10:18
19,13:11:41
20,13:13:00
6,13:14:35
8,13:15:34
10,13:16:42
12,13:17:53
14,13:19:13
15,13:20:26
17,13:21:49
19,13:23:25
20,13:24:56
7,13:26:34
8,13:27:39
10,13:28:57
11,13:30:36
13,13:32:13
13,13:33:32
13,13:35:08
15,13:36:29
17,13:37:56
18,13:39:18
20,13:40:44
21,13:42:34
9,13:44:23
9,13:45:32
11,13:47:27
13,13:48:56
15,13:50:13
15,13:52:12
17,13:53:35
19,13:55:17
19,13:57:00
8,13:58:36
8,14:00:10
9,14:01:57
11,14:03:24
13,14:05:12
13,14:07:18
15,14:09:24
15,14:11:28
15,14:13:34
17,14:15:47
18,14:18:02
20,14:20:15
20,14:22:24
10,14:24:30
12,14:26:45
14,14:28:51
14,14:30:59
15,14:33:21
17,14:35:25
18,14:37:39
20,14:39:46
20,14:41:56
11,14:44:07
11,14:46:13
13,14:48:23
13,14:50:32
14,14:52:48
16,14:54:56
16,14:57:00
18,14:59:21
20,15:01:40
12,15:03:53
12,15:06:00
12,15:07:49
14,15:10:01
15,15:12:25
17,15:14:28
17,15:16:46
19,15:18:54
19,15:21:05
20,15:23:30
13,15:25:44
13,15:27:57
15,15:30:15
15,15:32:28
17,15:34:46
19,15:37:03
13,15:39:23
13,15:41:32
13,15:43:45
15,15:45:55
15,15:48:17
17,15:50:34
17,15:52:56
19,15:55:13
20,15:57:43
15,15:59:54
17,16:02:21
19,16:04:43
15,16:07:00
15,16:09:16
16,16:11:43
18,16:13:54
19,16:16:23
16,16:18:37
16,16:20:55
18,16:23:13
19,16:25:39
17,16:27:53
17,16:30:20
19,16:32:39
19,16:35:03
18,16:37:20
20,16:39:53
20,16:42:10
21,16:44:42
7,16:47:26
7,16:48:54
9,16:50:40
11,16:52:57
13,16:55:32
15,16:57:58
16,17:01:24
18,17:03:49
19,17:06:16
6,17:08:32
6,17:10:55
8,17:13:14
9,17:15:39
11,17:17:57
13,17:20:23
15,17:22:47
16,17:25:10
18,17:27:30
18,17:29:54
18,17:32:24
20,17:34:45
20,17:37:09
7,17:39:40
9,17:42:01
11,17:44:25
13,17:46:46
13,17:49:14
15,17:51:43
15,17:54:08
17,17:56:36
17,17:59:00
19,18:01:31
19,18:04:00
20,18:06:36
9,18:09:00
9,18:11:20
9,18:13:50
11,18:16:08
11,18:18:29
11,18:20:55
13,18:23:27
14,18:25:53
16,18:28:15
18,18:30:49
20,18:33:16
20,18:35:46
10,18:38:19
10,18:40:50
12,18:43:16
12,18:45:49
14,18:48:14
14,18:50:49
16,18:53:19
17,18:55:57
19,18:58:29
20,19:01:09
11,19:03:48
12,19:06:26
14,19:08:48
15,19:11:19
17,19:13:50
17,19:16:18
18,19:18:55
20,19:21:24
11,19:24:01
13,19:26:29
13,19:28:53
13,19:31:23
13,19:34:03
15,19:36:33
15,19:38:54
17,19:41:33
17,19:44:13
19,19:46:46
19,19:49:23
12,19:52:00
12,19:54:36
14,19:57:14
14,19:59:56
16,20:02:27
18,20:05:14
20,20:07:40
20,20:10:13
14,20:12:48
14,20:15:22
16,20:17:53
16,20:20:28
18,20:23:10
18,20:25:50
18,20:28:22
18,20:31:01
20,20:33:43
20,20:36:14
20,20:39:00
15,20:41:25
17,20:43:51
19,20:46:05
15,20:48:13
17,20:50:38
17,20:52:38
18,20:55:03
20,20:57:14
20,20:59:31
20,21:01:52
