50000,15:29:47
100000,15:29:49
150000,15:29:51
200000,15:29:53
250000,15:29:54
300000,15:29:57
350000,15:29:58
400000,15:30:00
450000,15:30:02
500000,15:30:03
550000,15:30:04
600000,15:30:05
650000,15:30:07
700000,15:30:08
750000,15:30:10
800000,15:30:11
850000,15:30:12
900000,15:30:14
950000,15:30:16
1000000,15:30:17
1050000,15:30:18
1100000,15:30:20
1150000,15:30:21
1200000,15:30:23
1250000,15:30:25
1300000,15:30:26
1350000,15:30:29
1400000,15:30:31
1450000,15:30:32
1500000,15:30:33
1550000,15:30:35
1600000,15:30:36
1650000,15:30:38
1700000,15:30:39
1750000,15:30:40
1800000,15:30:41
1850000,15:30:43
1900000,15:30:45
1950000,15:30:46
2000000,15:30:48
2050000,15:30:49
2100000,15:30:52
2150000,15:30:53
2200000,15:30:54
2250000,15:30:56
2300000,15:30:57
2350000,15:30:59
2400000,15:31:00
2450000,15:31:02
2500000,15:31:03
2550000,15:31:05
2600000,15:31:07
2650000,15:31:08
2700000,15:31:10
2750000,15:31:11
2800000,15:31:13
2850000,15:31:15
2900000,15:31:19
2950000,15:31:21
3000000,15:31:22
3050000,15:31:23
3100000,15:31:25
3150000,15:31:26
3200000,15:31:29
3250000,15:31:30
3300000,15:31:32
3350000,15:31:34
3400000,15:31:35
3450000,15:31:37
3500000,15:31:39
3550000,15:31:40
3600000,15:31:41
3650000,15:31:43
3700000,15:31:46
3750000,15:31:48
3800000,15:31:49
3850000,15:31:51
3900000,15:31:53
3950000,15:31:54
4000000,15:31:57
4050000,15:31:58
4100000,15:32:00
4150000,15:32:03
4200000,15:32:05
4250000,15:32:16
4300000,15:32:17
4350000,15:32:19
4400000,15:32:22
4450000,15:32:24
4500000,15:32:25
4550000,15:32:27
4600000,15:32:30
4650000,15:32:31
4700000,15:32:33
4750000,15:32:36
4800000,15:32:37
4850000,15:32:39
4900000,15:32:43
4950000,15:32:44
5000000,15:32:45
5050000,15:32:49
5100000,15:32:50
5150000,15:32:51
5200000,15:32:53
5250000,15:32:56
5300000,15:32:58
5350000,15:33:00
5400000,15:33:05
5450000,15:33:07
5500000,15:33:08
5550000,15:33:12
5600000,15:33:13
5650000,15:33:15
5700000,15:33:19
5750000,15:33:20
5800000,15:33:21
5850000,15:33:23
5900000,15:33:27
5950000,15:33:28
6000000,15:33:30
6050000,15:33:34
6100000,15:33:35
6150000,15:33:37
6200000,15:33:43
6250000,15:33:44
6300000,15:33:45
6350000,15:33:50
6400000,15:33:51
6450000,15:33:52
6500000,15:33:54
6550000,15:33:59
6600000,15:34:01
6650000,15:34:03
6700000,15:34:07
6750000,15:34:09
6800000,15:34:10
6850000,15:34:15
6900000,15:34:17
6950000,15:34:18
7000000,15:34:24
7050000,15:34:28
7100000,15:34:34
7150000,15:34:35
7200000,15:34:37
7250000,15:34:42
7300000,15:34:43
7350000,15:34:45
7400000,15:34:50
7450000,15:34:51
7500000,15:34:53
7550000,15:34:54
7600000,15:35:00
7650000,15:35:01
7700000,15:35:03
7750000,15:35:09
7800000,15:35:10
7850000,15:35:11
7900000,15:35:17
7950000,15:35:18
8000000,15:35:20
8050000,15:35:26
8100000,15:35:27
8150000,15:35:28
8200000,15:35:30
8250000,15:35:36
8300000,15:35:38
8350000,15:35:39
8400000,15:35:45
8450000,15:35:46
8500000,15:35:48
8550000,15:35:54
8600000,15:35:55
8650000,15:35:57
8700000,15:36:03
8750000,15:36:04
8800000,15:36:06
8850000,15:36:07
8900000,15:36:14
8950000,15:36:16
9000000,15:36:17
9050000,15:36:24
9100000,15:36:26
9150000,15:36:27
9200000,15:36:34
9250000,15:36:36
9300000,15:36:37
9350000,15:36:44
9400000,15:36:46
9450000,15:36:47
9500000,15:36:49
9550000,15:36:55
9600000,15:36:57
9650000,15:36:58
9700000,15:37:05
9750000,15:37:06
9800000,15:37:08
9850000,15:37:20
9900000,15:37:25
9950000,15:37:34
10000000,15:37:36
10050000,15:37:37
10100000,15:37:45
10150000,15:37:46
10200000,15:37:47
10250000,15:37:55
10300000,15:37:56
10350000,15:37:58
10400000,15:37:59
10450000,15:38:07
10500000,15:38:08
10550000,15:38:10
10600000,15:38:18
10650000,15:38:19
10700000,15:38:21
10750000,15:38:28
10800000,15:38:29
10850000,15:38:31
10900000,15:38:40
10950000,15:38:41
11000000,15:38:43
11050000,15:38:44
11100000,15:38:53
11150000,15:38:55
11200000,15:38:56
11250000,15:39:05
11300000,15:39:06
11350000,15:39:08
11400000,15:39:17
11450000,15:39:18
11500000,15:39:20
11550000,15:39:28
11600000,15:39:29
11650000,15:39:31
11700000,15:39:32
11750000,15:39:41
11800000,15:39:42
11850000,15:39:44
11900000,15:39:53
11950000,15:39:55
12000000,15:39:56
12050000,15:40:05
12100000,15:40:06
12150000,15:40:08
12200000,15:40:18
12250000,15:40:19
12300000,15:40:20
12350000,15:40:22
12400000,15:40:31
12450000,15:40:33
12500000,15:40:35
12550000,15:40:44
12600000,15:40:46
12650000,15:40:47
12700000,15:40:57
12750000,15:40:58
12800000,15:41:00
12850000,15:41:10
12900000,15:41:11
12950000,15:41:12
13000000,15:41:14
13050000,15:41:23
13100000,15:41:25
13150000,15:41:27
13200000,15:41:37
13250000,15:41:38
13300000,15:41:40
13350000,15:41:51
13400000,15:41:52
13450000,15:41:54
13500000,15:42:06
13550000,15:42:07
13600000,15:42:08
13650000,15:42:10
13700000,15:42:20
13750000,15:42:22
13800000,15:42:24
13850000,15:42:35
13900000,15:42:36
13950000,15:42:38
14000000,15:42:48
14050000,15:42:50
14100000,15:42:51
14150000,15:43:02
14200000,15:43:03
14250000,15:43:05
14300000,15:43:07
14350000,15:43:38
14400000,15:43:44
14450000,15:43:45
14500000,15:43:55
14550000,15:43:56
14600000,15:43:57
14650000,15:44:09
14700000,15:44:10
14750000,15:44:11
14800000,15:44:24
14850000,15:44:25
14900000,15:44:26
14950000,15:44:28
15000000,15:44:37
15050000,15:44:39
15100000,15:44:40
15150000,15:44:52
15200000,15:44:53
15250000,15:44:56
15300000,15:45:08
15350000,15:45:09
15400000,15:45:10
15450000,15:45:23
15500000,15:45:24
15550000,15:45:26
15600000,15:45:27
15650000,15:45:40
15700000,15:45:41
15750000,15:45:43
15800000,15:45:55
15850000,15:45:56
15900000,15:45:58
15950000,15:46:10
16000000,15:46:11
16050000,15:46:13
16100000,15:46:27
16150000,15:46:28
16200000,15:46:29
16250000,15:46:31
16300000,15:46:43
16350000,15:46:45
16400000,15:46:46
16450000,15:46:59
16500000,15:47:00
16550000,15:47:01
16600000,15:47:15
16650000,15:47:16
16700000,15:47:18
16750000,15:47:30
16800000,15:47:31
16850000,15:47:33
16900000,15:47:34
16950000,15:47:47
17000000,15:47:49
17050000,15:47:51
17100000,15:48:04
17150000,15:48:06
17200000,15:48:07
17250000,15:48:22
17300000,15:48:23
17350000,15:48:25
17400000,15:48:37
17450000,15:48:38
17500000,15:48:40
17550000,15:48:42
17600000,15:48:55
17650000,15:48:56
17700000,15:48:58
17750000,15:49:12
17800000,15:49:13
17850000,15:49:15
17900000,15:49:29
17950000,15:49:31
18000000,15:49:32
18050000,15:49:47
18100000,15:49:48
18150000,15:49:50
18200000,15:49:51
18250000,15:50:06
18300000,15:50:07
18350000,15:50:09
18400000,15:50:24
18450000,15:50:25
18500000,15:50:27
18550000,15:50:43
18600000,15:50:44
18650000,15:50:46
18700000,15:51:00
18750000,15:51:01
18800000,15:51:03
18850000,15:51:05
18900000,15:51:20
18950000,15:51:21
19000000,15:51:22
19050000,15:51:36
19100000,15:51:37
19150000,15:51:38
19200000,15:51:54
19250000,15:51:55
19300000,15:51:57
19350000,15:52:13
19400000,15:52:14
19450000,15:52:15
19500000,15:52:17
19550000,15:52:32
19600000,15:52:34
19650000,15:52:36
19700000,15:52:52
19750000,15:52:53
19800000,15:52:55
19850000,15:53:10
19900000,15:53:12
19950000,15:53:13
20000000,15:53:28
20050000,15:53:30
20100000,15:53:32
20150000,15:53:33
20200000,15:53:51
20250000,15:53:53
20300000,15:53:54
20350000,15:54:10
20400000,15:54:11
20450000,15:54:13
20500000,15:54:30
20550000,15:54:31
20600000,15:54:33
20650000,15:54:49
20700000,15:54:50
20750000,15:54:51
20800000,15:54:53
20850000,15:55:09
20900000,15:55:10
20950000,15:55:12
21000000,15:55:30
21050000,15:55:31
21100000,15:55:32
21150000,15:55:49
21200000,15:55:50
21250000,15:55:52
21300000,15:56:08
21350000,15:56:09
21400000,15:56:11
21450000,15:56:13
21500000,15:56:30
21550000,15:56:32
21600000,15:56:33
21650000,15:56:51
21700000,15:56:52
21750000,15:56:54
21800000,15:57:12
21850000,15:57:13
21900000,15:57:14
21950000,15:57:32
22000000,15:57:34
22050000,15:57:35
22100000,15:57:37
22150000,15:57:55
22200000,15:57:56
22250000,15:57:58
22300000,15:58:15
22350000,15:58:17
22400000,15:58:18
22450000,15:58:35
22500000,15:58:37
22550000,15:58:38
22600000,15:58:58
22650000,15:58:59
22700000,15:59:00
22750000,15:59:02
22800000,15:59:20
22850000,15:59:21
22900000,15:59:23
22950000,15:59:40
23000000,15:59:42
23050000,15:59:44
23100000,16:00:02
23150000,16:00:04
23200000,16:00:05
23250000,16:00:24
23300000,16:00:26
23350000,16:00:27
23400000,16:00:29
23450000,16:00:48
23500000,16:00:49
23550000,16:00:51
23600000,16:01:09
23650000,16:01:10
23700000,16:01:12
23750000,16:01:31
23800000,16:01:32
23850000,16:01:34
23900000,16:01:54
23950000,16:01:55
24000000,16:01:57
24050000,16:01:58
24100000,16:02:18
24150000,16:02:19
24200000,16:02:22
24250000,16:02:42
24300000,16:02:43
24350000,16:02:44
24400000,16:03:04
24450000,16:03:06
24500000,16:03:07
24550000,16:03:28
24600000,16:03:34
24650000,16:03:36
24700000,16:03:37
24750000,16:03:58
24800000,16:03:59
24850000,16:04:01
24900000,16:04:21
24950000,16:04:22
25000000,16:04:24
25050000,16:04:45
25100000,16:04:46
25150000,16:04:48
25200000,16:05:08
25250000,16:05:09
25300000,16:05:11
25350000,16:05:12
25400000,16:05:33
25450000,16:05:34
25500000,16:05:36
25550000,16:05:55
25600000,16:05:57
25650000,16:05:58
25700000,16:06:18
25750000,16:06:20
25800000,16:06:21
25850000,16:06:44
25900000,16:06:45
25950000,16:06:47
26000000,16:06:48
26050000,16:07:09
26100000,16:07:11
26150000,16:07:12
26200000,16:07:34
26250000,16:07:35
26300000,16:07:37
26350000,16:07:58
26400000,16:08:00
26450000,16:08:01
26500000,16:08:22
26550000,16:08:24
26600000,16:08:25
26650000,16:08:28
26700000,16:08:49
26750000,16:08:50
26800000,16:08:52
26850000,16:09:13
26900000,16:09:15
26950000,16:09:16
27000000,16:09:37
27050000,16:09:38
27100000,16:09:40
27150000,16:10:03
27200000,16:10:04
27250000,16:10:05
27300000,16:10:07
27350000,16:10:29
27400000,16:10:30
27450000,16:10:32
27500000,16:10:54
27550000,16:10:55
27600000,16:10:57
27650000,16:11:19
27700000,16:11:20
27750000,16:11:22
27800000,16:11:45
27850000,16:11:46
27900000,16:11:48
27950000,16:11:49
28000000,16:12:11
28050000,16:12:12
28100000,16:12:14
28150000,16:12:36
28200000,16:12:38
28250000,16:12:39
28300000,16:13:03
28350000,16:13:05
28400000,16:13:06
28450000,16:13:30
28500000,16:13:31
28550000,16:13:32
28600000,16:13:33
28650000,16:13:57
28700000,16:13:58
28750000,16:14:00
28800000,16:14:23
28850000,16:14:25
28900000,16:14:26
28950000,16:14:50
29000000,16:14:51
29050000,16:14:53
29100000,16:15:18
29150000,16:15:19
29200000,16:15:21
29250000,16:15:22
29300000,16:15:46
29350000,16:15:47
29400000,16:15:49
29450000,16:16:12
29500000,16:16:14
29550000,16:16:16
29600000,16:16:40
29650000,16:16:41
29700000,16:16:43
29750000,16:17:07
29800000,16:17:09
29850000,16:17:10
29900000,16:17:13
29950000,16:17:37
30000000,16:17:39
30050000,16:17:40
30100000,16:18:05
30150000,16:18:06
30200000,16:18:08
30250000,16:18:33
30300000,16:18:34
30350000,16:18:36
30400000,16:18:58
30450000,16:18:59
30500000,16:19:00
30550000,16:19:02
30600000,16:19:27
30650000,16:19:28
30700000,16:19:30
30750000,16:19:53
30800000,16:19:54
30850000,16:19:56
30900000,16:20:21
30950000,16:20:22
31000000,16:20:24
31050000,16:20:49
31100000,16:20:51
31150000,16:20:52
31200000,16:20:53
31250000,16:21:18
31300000,16:21:20
31350000,16:21:22
31400000,16:21:47
31450000,16:21:49
31500000,16:21:51
31550000,16:22:16
31600000,16:22:17
31650000,16:22:19
31700000,16:22:44
31750000,16:22:45
31800000,16:22:47
31850000,16:22:48
31900000,16:23:14
31950000,16:23:16
32000000,16:23:17
32050000,16:23:42
32100000,16:23:44
32150000,16:23:45
32200000,16:24:12
32250000,16:24:13
32300000,16:24:15
32350000,16:24:42
32400000,16:24:43
32450000,16:24:44
32500000,16:24:46
32550000,16:25:11
32600000,16:25:13
32650000,16:25:15
32700000,16:25:41
32750000,16:25:42
32800000,16:25:44
32850000,16:26:10
32900000,16:26:11
32950000,16:26:13
33000000,16:26:40
33050000,16:26:41
33100000,16:26:43
33150000,16:26:45
33200000,16:27:12
33250000,16:27:13
33300000,16:27:15
33350000,16:27:41
33400000,16:27:42
33450000,16:27:44
33500000,16:28:10
33550000,16:28:12
33600000,16:28:13
33650000,16:28:41
33700000,16:28:43
33750000,16:28:44
33800000,16:28:46
33850000,16:29:13
33900000,16:29:14
33950000,16:29:16
34000000,16:29:45
